COD MUNIC.,UF,MUNICIPIO,COMARCA
3500105,SP,ADAMANTINA,ADAMANTINA
3516002,SP,FLORIDA PAULISTA,ADAMANTINA
3528908,SP,MARIAPOLIS,ADAMANTINA
3533205,SP,NOVA INDEPENDENCIA,ADAMANTINA
3500303,SP,AGUAI,AGUAI
3500501,SP,AGUAS DE LINDOIA,AGUAS DE LINDOIA
3527009,SP,LINDOIA,ÁGUAS DE LINDÓIA
3500709,SP,AGUDOS,AGUDOS
3536570,SP,PAULISTANIA,AGUDOS
3501004,SP,ALTINOPOLIS,ALTINOPOLIS
3547908,SP,SANTO ANTONIO DA ALEGRIA,ALTINÓPOLIS
3501608,SP,AMERICANA,AMERICANA
3501905,SP,AMPARO,AMPARO
3531209,SP,MONTE ALEGRE DO SUL,AMPARO
3502101,SP,ANDRADINA,ANDRADINA
3511003,SP,CASTILHO,ANDRADINA
3532108,SP,MURUTINGA DO SUL,ANDRADINA
3502200,SP,ANGATUBA,ANGATUBA
3509452,SP,CAMPINA DO MONTE ALEGRE,ANGATUBA
3502507,SP,APARECIDA,APARECIDA
3540754,SP,POTIM,APARECIDA
3544301,SP,ROSEIRA,APARECIDA
3502705,SP,APIAI,APIAI
3505351,SP,BARRA DO CHAPEU,APIAI
3522158,SP,ITAOCA,APIAÍ
3522653,SP,ITAPIRAPUA PAULISTA,APIAÍ
3542800,SP,RIBEIRA,APIAÍ
3502804,SP,ARACATUBA,ARACATUBA
3548054,SP,SANTO ANTONIO DO ARACANGUA,ARAÇATUBA
3501707,SP,AMERICO BRASILIENSE,ARARAQUARA
3503208,SP,ARARAQUARA,ARARAQUARA
3516853,SP,GAVIAO PEIXOTO,ARARAQUARA
3532058,SP,MOTUCA,ARARAQUARA
3532900,SP,NOVA EUROPA,ARARAQUARA
3543709,SP,RINCAO,ARARAQUARA
3546900,SP,SANTA LUCIA,ARARAQUARA
3503307,SP,ARARAS,ARARAS
3504008,SP,ASSIS,ASSIS
3514700,SP,ECHAPORA,ASSIS
3516101,SP,FLORINIA,ASSIS
3553955,SP,TARUMA,ASSIS
3504107,SP,ATIBAIA,ATIBAIA
3507100,SP,BOM JESUS DOS PERDOES,ATIBAIA
3525201,SP,JARINU,ATIBAIA
3532405,SP,NAZARE PAULISTA,ATIBAIA
3504206,SP,AURIFLAMA,AURIFLAMA
3518909,SP,GUZOLANDIA,AURIFLAMA
3503109,SP,ARANDU,AVARE
3504503,SP,AVARE,AVARE
3535804,SP,PARANAPANEMA,AVARÉ
3503158,SP,ARAPEI,BANANAL
3504909,SP,BANANAL,BANANAL
3549607,SP,SAO JOSE DO BARREIRO,BANANAL
3505203,SP,BARIRI,BARIRI
3522000,SP,ITAJU,BARIRI
3505302,SP,BARRA BONITA,BARRA BONITA
3520004,SP,IGARACU DO TIETE,BARRA BONITA
3505500,SP,BARRETOS,BARRETOS
3512100,SP,COLOMBIA,BARRETOS
3524204,SP,JABORANDI,COLINA
3505708,SP,BARUERI,BARUERI
3525003,SP,JANDIRA,BARUERI
3539103,SP,PIRAPORA DO BOM JESUS,BARUERI
3547304,SP,SANTANA DE PARNAIBA,BARUERI
3505906,SP,BATATAIS,BATATAIS
3503406,SP,AREALVA,BAURU
3504305,SP,AVAI,BAURU
3506003,SP,BAURU,BAURU
3506102,SP,BEBEDOURO,BEBEDOURO
3506409,SP,BILAC,BILAC
3516507,SP,GABRIEL MONTEIRO,BILAC
3537701,SP,PIACATU,BILAC
3506508,SP,BIRIGUI,BIRIGUI
3507753,SP,BREJO ALEGRE,BIRIGUI
3511904,SP,CLEMENTINA,BIRIGUI
3512506,SP,COROADOS,BIRIGUI
3548401,SP,SANTOPOLIS DO AGUAPEI,BIRIGUI
3507001,SP,BOITUVA,BOITUVA
3521002,SP,IPERO,BOITUVA
3507407,SP,BORBOREMA,BORBOREMA
3507506,SP,BOTUCATU,BOTUCATU
3523503,SP,ITATINGA,BOTUCATU
3536109,SP,PARDINHO,BOTUCATU
3507605,SP,BRAGANCA PAULISTA,BRAGANCA PAULISTA
3536802,SP,PEDRA BELA,BRAGANÇA PAULISTA
3538204,SP,PINHALZINHO,BRAGANÇA PAULISTA
3554953,SP,TUIUTI,BRAGANÇA PAULISTA
3556354,SP,VARGEM,BRAGANÇA PAULISTA
3507803,SP,BRODOWSKI,BRODOWSKI
3507902,SP,BROTAS,BROTAS
3554706,SP,TORRINHA,BROTAS
3508108,SP,BURITAMA,BURITAMA
3527256,SP,LOURDES,BURITAMA
3539608,SP,PLANALTO,BURITAMA
3555208,SP,TURIUBA,BURITAMA
3557154,SP,ZACARIAS,BURITAMA
3508405,SP,CABREUVA,CABREUVA
3508504,SP,CACAPAVA,CACAPAVA
3524907,SP,JAMBEIRO,CAÇAPAVA
3508603,SP,CACHOEIRA PAULISTA,CACHOEIRA PAULISTA
3552007,SP,SILVEIRAS,CACHOEIRA PAULISTA
3508702,SP,CACONDE,CACONDE
3553609,SP,TAPIRATIBA,CACONDE
3508801,SP,CAFELANDIA,CAFELANDIA
3518107,SP,GUARANTA,CAFELANDIA
3525805,SP,JULIO MESQUITA,CAFELANDIA
3509403,SP,CAJURU,CAJURU
3510906,SP,CASSIA DOS COQUEIROS,CAJURU
3546256,SP,SANTA CRUZ DA ESPERANCA,CAJURU
3509502,SP,CAMPINAS,CAMPINAS
3536505,SP,PAULINIA,CAMPINAS
3509700,SP,CAMPOS DO JORDAO,CAMPOS DO JORDAO
3509908,SP,CANANEIA,CANANEIA
3510005,SP,CANDIDO MOTA,CANDIDO MOTA
3510203,SP,CAPAO BONITO,CAPAO BONITO
3517604,SP,GUAPIARA,CAPÃO BONITO
3543253,SP,RIBEIRAO GRANDE,CAPÃO REDONDO
3510401,SP,CAPIVARI,CAPIVARI
3530904,SP,MOMBUCA,CAPIVARI
3542107,SP,RAFARD,CAPIVARI
3510500,SP,CARAGUATATUBA,CARAGUATATUBA
3510609,SP,CARAPICUIBA,CARAPICUIBA
3510708,SP,CARDOSO,CARDOSO
3530003,SP,MIRA ESTRELA,CARDOSO
3540309,SP,PONTES GESTAL,CARDOSO
3510807,SP,CASA BRANCA,CASA BRANCA
3523800,SP,ITOBI,CASA BRANCA
3511102,SP,CATANDUVA,CATANDUVA
3511201,SP,CATIGUA,CATANDUVA
3514924,SP,ELISIARIO,CATANDUVA
3519402,SP,IBIRA,CATANDUVA
3533254,SP,NOVAIS,CATANDUVA
3538105,SP,PINDORAMA,CATANDUVA
3552601,SP,TABAPUA,CATANDUVA
3500550,SP,AGUAS DE SANTA BARBARA,CERQUEIRA CESAR
3511409,SP,CERQUEIRA CESAR,CERQUEIRA CESAR
3519253,SP,IARAS,CERQUEIRA CESAR
3511508,SP,CERQUILHO,CERQUILHO
3510153,SP,CANITAR,CHAVANTES
3557204,SP,CHAVANTES,CHAVANTES
3512001,SP,COLINA,COLINA
3502309,SP,ANHEMBI,CONCHAS
3512308,SP,CONCHAS,CONCHAS
3537503,SP,PEREIRAS,CONCHAS
3512407,SP,CORDEIROPOLIS,CORDEIROPOLIS
3512803,SP,COSMOPOLIS,COSMOPOLIS
3513009,SP,COTIA,COTIA
3513108,SP,CRAVINHOS,CRAVINHOS
3551405,SP,SERRA AZUL,CRAVINHOS
3513405,SP,CRUZEIRO,CRUZEIRO
3526605,SP,LAVRINHAS,CRUZEIRO
3513504,SP,CUBATAO,CUBATAO
3513603,SP,CUNHA,CUNHA
3513702,SP,DESCALVADO,DESCALVADO
3513801,SP,DIADEMA,DIADEMA
3514106,SP,DOIS CORREGOS,DOIS CORREGOS
3534807,SP,OURO VERDE,DRACEMA
3514403,SP,DRACENA,DRACENA
3508306,SP,CABRALIA PAULISTA,DUARTINA
3514502,SP,DUARTINA,DUARTINA
3527504,SP,LUCIANOPOLIS,DUARTINA
3555505,SP,UBIRAJARA,DUARTINA
3514809,SP,ELDORADO,ELDORADO
3521200,SP,IPORANGA,ELDORADO
3515004,SP,EMBU,EMBU
3515186,SP,ESPIRITO SANTO DO PINHAL,ESPIRITO SANTO DO PINHAL
3548104,SP,SANTO ANTONIO DO JARDIM,ESPÍRITO SANTO DO PINHAL
3514205,SP,DOLCINOPOLIS,ESTRELA D'OESTE
3515202,SP,ESTRELA D'OESTE,ESTRELA D'OESTE
3540408,SP,POPULINA,ESTRELA D'OESTE
3549201,SP,SAO JOAO DAS DUAS PONTES,ESTRELA D'OESTE
3555307,SP,TURMALINA,ESTRELA D'OESTE
3515400,SP,FARTURA,FARTURA
3553005,SP,TAGUAI,FARTURA
3515509,SP,FERNANDOPOLIS,FERNANDOPOLIS
3518008,SP,GUARANI D'OESTE,FERNANDOPOLIS
3520707,SP,INDIAPORA,FERNANDOPOLIS
3528205,SP,MACEDONIA,FERNANDOPOLIS
3529609,SP,MERIDIANO,FERNANDOPOLIS
3534757,SP,OUROESTE,FERNANDOPOLIS
3536901,SP,PEDRANOPOLIS,FERNANDOPOLIS
3513207,SP,CRISTAIS PAULISTA,FRANCA
3516200,SP,FRANCA,FRANCA
3542701,SP,RESTINGA,FRANCA
3543105,SP,RIBEIRAO CORRENTE,FRANCA
3549508,SP,SAO JOSE DA BELA VISTA,FRANCA
3516309,SP,FRANCISCO MORATO,FRANCISCO MORATO
3509007,SP,CAIEIRAS,FRANCO DA ROCHA
3516408,SP,FRANCO DA ROCHA,FRANCO DA ROCHA
3516606,SP,GALIA,GALIA
3515657,SP,FERNAO,GÁLIA
3501400,SP,ALVARO DE CARVALHO,GARCA
3501509,SP,ALVINLANDIA,GARCA
3516705,SP,GARCA,GARCA
3527801,SP,LUPERCIO,GARÇA
3516903,SP,GENERAL SALGADO,GENERAL SALGADO
3532868,SP,NOVA CASTILHO,GENERAL SALGADO
3549250,SP,SAO JOAO DE IRACEMA,GENERAL SALGADO
3517000,SP,GETULINA,GETULINA
3517307,SP,GUAIMBE,GETULINA
3517406,SP,GUAIRA,GUAIRA
3517703,SP,GUARA,GUARA
3518206,SP,GUARARAPES,GUARARAPES
3544400,SP,RUBIACEA,GUARARAPES
3518404,SP,GUARATINGUETA,GUARATINGUETA
3518602,SP,GUARIBA,GUARIBA
3540903,SP,PRADOPOLIS,GUARIBA
3518701,SP,GUARUJA,GUARUJA
3518800,SP,GUARULHOS,GUARULHOS
3519105,SP,IACANGA,IBITINGA
3519600,SP,IBITINGA,IBITINGA
3552700,SP,TABATINGA,IBITINGA
3519709,SP,IBIUNA,IBIUNA
3503000,SP,ARAMINA,IGARAPAVA
3508207,SP,BURITIZAL,IGARAPAVA
3520103,SP,IGARAPAVA,IGARAPAVA
3520301,SP,IGUAPE,IGUAPE
3520426,SP,ILHA COMPRIDA,IGUAPE
3520442,SP,ILHA SOLTEIRA,ILHA SOLTEIRA
3523008,SP,ITAPURA,ILHA SOLTEIRA
3520509,SP,INDAIATUBA,INDAIATUBA
3506300,SP,BERNARDINO DE CAMPOS,IPAUSSU
3520905,SP,IPAUSSU,IPAUSSU
3521309,SP,IPUA,IPUA
3521804,SP,ITAI,ITAI
3522109,SP,ITANHAEM,ITANHAEM
3523305,SP,ITARIRI,ITANHAEM
3537206,SP,PEDRO DE TOLEDO,ITANHÉM
3515103,SP,EMBU-GUACU,ITAPECERICA DA SERRA
3522208,SP,ITAPECERICA DA SERRA,ITAPECERICA DA SERRA
3526209,SP,JUQUITIBA,ITAPECERICA DA SERRA
3549953,SP,SAO LOURENCO DA SERRA,ITAPECERICA DA SERRA
3500758,SP,ALAMBARI,ITAPETININGA
3522307,SP,ITAPETININGA,ITAPETININGA
3551108,SP,SARAPUI,ITAPETININGA
3508009,SP,BURI,ITAPEVA
3521705,SP,ITABERA,ITAPEVA
3522406,SP,ITAPEVA,ITAPEVA
3532827,SP,NOVA CAMPINA,ITAPEVA
3543006,SP,RIBEIRAO BRANCO,ITAPEVA
3553856,SP,TAQUARIVAI,ITAPEVA
3522505,SP,ITAPEVI,ITAPEVI
3522604,SP,ITAPIRA,ITAPIRA
3522703,SP,ITAPOLIS,ITAPOLIS
3505005,SP,BARAO DE ANTONINA,ITAPORANGA
3522802,SP,ITAPORANGA,ITAPORANGA
3543501,SP,RIVERSUL,ITAPORANGA
3523107,SP,ITAQUAQUECETUBA,ITAQUAQUECETUBA
3507159,SP,BOM SUCESSO DE ITARARE,ITARARE
3523206,SP,ITARARE,ITARARE
3523404,SP,ITATIBA,ITATIBA
3532009,SP,MORUNGABA,ITATIBA
3523909,SP,ITU,ITU
3524105,SP,ITUVERAVA,ITUVERAVA
3524303,SP,JABOTICABAL,JABOTICABAL
3553104,SP,TAIACU,JABOTICABAL
3553203,SP,TAIUVA,JABOTICABAL
3524402,SP,JACAREI,JACAREI
3505401,SP,BARRA DO TURVO,JACUPIRANGA
3509254,SP,CAJATI,JACUPIRANGA
3524600,SP,JACUPIRANGA,JACUPIRANGA
3536208,SP,PARIQUERA-ACU,JACUPIRANGA
3524709,SP,JAGUARIUNA,JAGUARIUNA
3548005,SP,SANTO ANTONIO DE POSSE,JAGUARIUNA
3503950,SP,ASPASIA,JALES
3513850,SP,DIRCE REIS,JALES
3524808,SP,JALES,JALES
3529658,SP,MESOPOLIS,JALES
3535903,SP,PARANAPUA,JALES
3540259,SP,PONTALINDA,JALES
3545704,SP,SANTA ALBERTINA,JALES
3556958,SP,VITORIA BRASIL,JALES
3525102,SP,JARDINOPOLIS,JARDINOPOLIS
3506805,SP,BOCAINA,JAU
3525300,SP,JAU,JAU
3522901,SP,ITAPUI,JAÚ
3529807,SP,MINEIROS DO TIETE,JAÚ
3500204,SP,ADOLFO,JOSE BONIFACIO
3525706,SP,JOSE BONIFACIO,JOSE BONIFACIO
3529500,SP,MENDONCA,JOSÉ BONIFÁCIO
3555356,SP,UBARANA,JOSÉ BONIFÁCIO
3509205,SP,CAJAMAR,JUNDIAI
3509601,SP,CAMPO LIMPO PAULISTA,JUNDIAI
3524006,SP,ITUPEVA,JUNDIAI
3525904,SP,JUNDIAI,JUNDIAI
3526001,SP,JUNQUEIROPOLIS,JUNQUEIROPOLIS
3526100,SP,JUQUIA,JUQUIA
3526407,SP,LARANJAL PAULISTA,LARANJAL PAULISTA
3526704,SP,LEME,LEME
3546207,SP,SANTA CRUZ DA CONCEICAO,LEME
3507456,SP,BOREBI,LENCOIS PAULISTA
3526803,SP,LENCOIS PAULISTA,LENCOIS PAULISTA
3521408,SP,IRACEMAPOLIS,LIMEIRA
3526902,SP,LIMEIRA,LIMEIRA
3517208,SP,GUAIÇARA,LINS
3527108,SP,LINS,LINS
3544608,SP,SABINO,LINS
3509957,SP,CANAS,LORENA
3527207,SP,LORENA,LORENA
3538501,SP,PIQUETE,LORENA
3527405,SP,LUCELIA,LUCELIA
3520806,SP,INUBIA PAULISTA,LUCÉLIA
3540853,SP,PRACINHA,LUCÉLIA
3528007,SP,MACATUBA,MACATUBA
3501152,SP,ALUMINIO,MAIRINQUE
3528403,SP,MAIRINQUE,MAIRINQUE
3528502,SP,MAIRIPORA,MAIRIPORA
3528809,SP,MARACAI,MARACAI
3537156,SP,PEDRINHAS PAULISTA,MARACAI
3513306,SP,CRUZALIA,MARACAÍ
3529005,SP,MARILIA,MARILIA
3533700,SP,OCAUCU,MARÍLIA
3556602,SP,VERA CRUZ,MARÍLIA
3529203,SP,MARTINOPOLIS,MARTINOPOLIS
3520608,SP,INDIANA,MARTINÓPOLIS
3529302,SP,MATAO,MATAO
3514007,SP,DOBRADA,MATÃO
3529401,SP,MAUA,MAUA
3529708,SP,MIGUELOPOLIS,MIGUELOPOLIS
3529906,SP,MIRACATU,MIRACATU
3530102,SP,MIRANDOPOLIS,MIRANDOPOLIS
3517802,SP,GUARACAI,MIRANDÓPOLIS
3526506,SP,LAVINIA,MIRANDÓPOLIS
3530201,SP,MIRANTE DO PARANAPANEMA,MIRANTE DO PARANAPANEMA
3504800,SP,BALSAMO,MIRASSOL
3524501,SP,JACI,MIRASSOL
3530300,SP,MIRASSOL,MIRASSOL
3530409,SP,MIRASSOLANDIA,MIRASSOL
3532504,SP,NEVES PAULISTA,MIRASSOL
3530508,SP,MOCOCA,MOCOCA
3530706,SP,MOGI GUACU,MOGI GUACU
3557303,SP,ESTIVA GERBI,MOGI-GUAÇU
3518305,SP,GUARAREMA,MOJI DAS CRUZES
3506607,SP,BIRITIBA-MIRIM,MOJI DAS CRUZES
3530607,SP,MOJI DAS CRUZES,MOJI DAS CRUZES
3515152,SP,ENGENHEIRO COELHO,MOJI-MIRIM
3519055,SP,HOLAMBRA,MOJI-MIRIM
3503802,SP,ARTUR NOGUEIRA,MOJI-MIRIM
3512209,SP,CONCHAL,MOJI-MIRIM
3530805,SP,MOJI-MIRIM,MOJI-MIRIM
3531100,SP,MONGAGUA,MONGAGUA
3531308,SP,MONTE ALTO,MONTE ALTO
3539004,SP,PIRANGI,MONTE ALTO
3556909,SP,VISTA ALEGRE DO ALTO,MONTE ALTO
3531407,SP,MONTE APRAZIVEL,MONTE APRAZIVEL
3532702,SP,NIPOA,MONTE APRAZIVEL
3539905,SP,POLONI,MONTE APRAZIVEL
3551306,SP,SEBASTIANOPOLIS DO SUL,MONTE APRAZIVEL
3555703,SP,UNIAO PAULISTA,MONTE APRAZIVEL
3528106,SP,MACAUBAL,MONTE APRAZÍVEL
3531506,SP,MONTE AZUL PAULISTA,MONTE AZUL PAULISTA
3535705,SP,PARAISO,MONTE AZUL PAULISTA
3514908,SP,ELIAS FAUSTO,MONTE MOR
3531803,SP,MONTE MOR,MONTE MOR
3531902,SP,MORRO AGUDO,MORRO AGUDO
3515905,SP,FLOREAL,NHANDEARA
3516804,SP,GASTAO VIDIGAL,NHANDEARA
3528304,SP,MAGDA,NHANDEARA
3531001,SP,MONCOES,NHANDEARA
3532603,SP,NHANDEARA,NHANDEARA
3533304,SP,NOVA LUZITANIA,NHANDEARA
3519808,SP,ICEM,NOVA GRANADA
3533007,SP,NOVA GRANADA,NOVA GRANADA
3534005,SP,ONDA VERDE,NOVA GRANADA
3533403,SP,NOVA ODESSA,NOVA ODESSA
3521903,SP,ITAJOBI,NOVO HORIZONTE
3528858,SP,MARAPOAMA,NOVO HORIZONTE
3533502,SP,NOVO HORIZONTE,NOVO HORIZONTE
3533601,SP,NUPORANGA,NUPORANGA
3544905,SP,SALES OLIVEIRA,NUPORANGA
3500907,SP,ALTAIR,OLIMPIA
3509304,SP,CAJOBI,OLIMPIA
3533908,SP,OLIMPIA,OLIMPIA
3514957,SP,EMBAUBA,OLÍMPIA
3517901,SP,GUARACI,OLÍMPIA
3551900,SP,SEVERINIA,OLÍMPIA
3534302,SP,ORLANDIA,ORLANDIA
3534401,SP,OSASCO,OSASCO
3534609,SP,OSVALDO CRUZ,OSVALDO CRUZ
3536000,SP,PARAPUA,OSVALDO CRUZ
3544707,SP,SAGRES,OSVALDO CRUZ
3545100,SP,SALMOURAO,OSVALDO CRUZ
3534708,SP,OURINHOS,OURINHOS
3543204,SP,RIBEIRAO DO SUL,OURINHOS
3545407,SP,SALTO GRANDE,OURINHOS
3534906,SP,PACAEMBU,PACAEMBU
3515806,SP,FLORA RICA,PACAEMBÚ
3521606,SP,IRAPURU,PACAEMBÚ
3535002,SP,PALESTINA,PALESTINA
3502606,SP,APARECIDA D'OESTE,PALMEIRA D'OESTE
3529104,SP,MARINOPOLIS,PALMEIRA D'OESTE
3535200,SP,PALMEIRA D'OESTE,PALMEIRA D'OESTE
3549003,SP,SAO FRANCISCO,PALMEIRA D'OESTE
3509809,SP,CAMPOS NOVOS PAULISTA,PALMITAL
3519501,SP,IBIRAREMA,PALMITAL
3535309,SP,PALMITAL,PALMITAL
3539707,SP,PLATINA,PALMITAL
3535408,SP,PANORAMA,PANORAMA
3536406,SP,PAULICEIA,PANORAMA
3547106,SP,SANTA MERCEDES,PANORAMA
3507209,SP,BORA,PARAGUACU PAULISTA
3527900,SP,LUTECIA,PARAGUACU PAULISTA
3534500,SP,OSCAR BRESSANE,PARAGUACU PAULISTA
3535507,SP,PARAGUACU PAULISTA,PARAGUACU PAULISTA
3532306,SP,NATIVIDADE DA SERRA,PARAIBUNA
3535606,SP,PARAIBUNA,PARAIBUNA
3536307,SP,PATROCINIO PAULISTA,PATROCINIO PAULISTA
3523701,SP,ITIRAPUA,PATROCÍNIO PAULISTA
3534203,SP,ORINDIUVA,PAULO DE FARIA
3536604,SP,PAULO DE FARIA,PAULO DE FARIA
3544202,SP,RIOLANDIA,PAULO DE FARIA
3507308,SP,BORACEIA,PEDERNEIRAS
3536703,SP,PEDERNEIRAS,PEDERNEIRAS
3525409,SP,JERIQUARA,PEDREGULHO
3537008,SP,PEDREGULHO,PEDREGULHO
3543600,SP,RIFAINA,PEDREGULHO
3537107,SP,PEDREIRA,PEDREIRA
3501103,SP,ALTO ALEGRE,PENAPOLIS
3504404,SP,AVANHANDAVA,PENAPOLIS
3505104,SP,BARBOSA,PENAPOLIS
3507704,SP,BRAUNA,PENAPOLIS
3527702,SP,LUIZIANIA,PENAPOLIS
3537305,SP,PENAPOLIS,PENAPOLIS
3517109,SP,GLICERIO,PENÁPOLIS
3537404,SP,PEREIRA BARRETO,PEREIRA BARRETO
3552304,SP,SUD MENNUCCI,PEREIRA BARRETO
3552551,SP,SUZANAPOLIS,PEREIRA BARRETO
3537602,SP,PERUIBE,PERUIBE
3537800,SP,PIEDADE,PIEDADE
3553500,SP,TAPIRAI,PIEDADE
3537909,SP,PILAR DO SUL,PILAR DO SUL
3538006,SP,PINDAMONHANGABA,PINDAMONHANGABA
3525508,SP,JOANOPOLIS,PIRACAIA
3538600,SP,PIRACAIA,PIRACAIA
3511706,SP,CHARQUEADA,PIRACICABA
3538709,SP,PIRACICABA,PIRACICABA
3544004,SP,RIO DAS PEDRAS,PIRACICABA
3545159,SP,SALTINHO,PIRACICABA
3538808,SP,PIRAJU,PIRAJU
3528601,SP,MANDURI,PIRAJÚ
3533809,SP,OLEO,PIRAJÚ
3551207,SP,SARUTAIA,PIRAJÚ
3554201,SP,TEJUPA,PIRAJÚ
3554607,SP,TIMBURI,PIRAJÚ
3504701,SP,BALBINOS,PIRAJUI
3538907,SP,PIRAJUI,PIRAJUI
3540101,SP,PONGAI,PIRAJUÍ
3541109,SP,PRESIDENTE ALVES,PIRAJUÍ
3542503,SP,REGINOPOLIS,PIRAJUÍ
3555901,SP,URU,PIRAJUÍ
3515301,SP,ESTRELA DO NORTE,PIRAPOZINHO
3532207,SP,NARANDIBA,PIRAPOZINHO
3539202,SP,PIRAPOZINHO,PIRAPOZINHO
3545506,SP,SANDOVALINA,PIRAPOZINHO
3553906,SP,TARABAI,PIRAPOZINHO
3539301,SP,PIRASSUNUNGA,PIRASSUNUNGA
3539400,SP,PIRATININGA,PIRATININGA
3539509,SP,PITANGUEIRAS,PITANGUEIRAS
3553658,SP,TAQUARAL,PITANGUEIRAS
3515707,SP,FERRAZ DE VASCONCELOS,POA
3539806,SP,POA,POA
3540002,SP,POMPEIA,POMPEIA
3534104,SP,ORIENTE,POMPÉIA
3542008,SP,QUINTANA,POMPÉIA
3509970,SP,CANDIA,PONTAL
3540200,SP,PONTAL,PONTAL
3506904,SP,BOFETE,PORANGABA
3518503,SP,GUAREI,PORANGABA
3540507,SP,PORANGABA,PORANGABA
3554656,SP,TORRE DE PEDRA,PORANGABA
3540606,SP,PORTO FELIZ,PORTO FELIZ
3540705,SP,PORTO FERREIRA,PORTO FERREIRA
3532801,SP,NOVA ALIANCA,POTIRENDABA
3533220,SP,NOVA ITAPIREMA,POTIRENDABA
3540804,SP,POTIRENDABA,POTIRENDABA
3541000,SP,PRAIA GRANDE,PRAIA GRANDE
3515129,SP,EMILIANOPOLIS,PRESIDENTE BERNARDES
3541208,SP,PRESIDENTE BERNARDES,PRESIDENTE BERNARDES
3509106,SP,CAIUA,PRESIDENTE EPITACIO
3541307,SP,PRESIDENTE EPITACIO,PRESIDENTE EPITACIO
3500808,SP,ALFREDO MARCONDES,PRESIDENTE PRUDENTE
3501301,SP,ALVARES MACHADO,PRESIDENTE PRUDENTE
3502408,SP,ANHUMAS,PRESIDENTE PRUDENTE
3541406,SP,PRESIDENTE PRUDENTE,PRESIDENTE PRUDENTE
3548302,SP,SANTO EXPEDITO,PRESIDENTE PRUDENTE
3528700,SP,MARABA PAULISTA,PRESIDENTE VENCESLAU
3541505,SP,PRESIDENTE VENCESLAU,PRESIDENTE VENCESLAU
3541604,SP,PROMISSAO,PROMISSAO
3541703,SP,QUATA,QUATA
3525607,SP,JOAO RAMALHO,QUATÁ
3503505,SP,AREIAS,QUELUZ
3541901,SP,QUELUZ,QUELUZ
3519907,SP,IEPE,RANCHARIA
3532157,SP,NANTES,RANCHARIA
3542206,SP,RANCHARIA,RANCHARIA
3508900,SP,CAIABU,REGENTE FEIJO
3542404,SP,REGENTE FEIJO,REGENTE FEIJO
3552908,SP,TACIBA,REGENTE FEIJO
3542602,SP,REGISTRO,REGISTRO
3551801,SP,SETE BARRAS,REGISTRO
3506706,SP,BOA ESPERANCA DO SUL,RIBEIRAO BONITO
3542909,SP,RIBEIRAO BONITO,RIBEIRAO BONITO
3514304,SP,DOURADO,RIBEIRÃO BONITO
3554755,SP,TRABIJU,RIBEIRÃO BONITO
3543303,SP,RIBEIRAO PIRES,RIBEIRAO PIRES
3544103,SP,RIO GRANDE DA SERRA,RIBEIRÃO PIRES
3543402,SP,RIBEIRAO PRETO,RIBEIRAO PRETO
3518859,SP,GUATAPARA,RIBEIRÃO PRETO
3502002,SP,ANALANDIA,RIO CLARO
3512704,SP,CORUMBATAI,RIO CLARO
3521101,SP,IPEUNA,RIO CLARO
3523602,SP,ITIRAPINA,RIO CLARO
3543907,SP,RIO CLARO,RIO CLARO
3546702,SP,SANTA GERTRUDES,RIO CLARO
3544251,SP,ROSANA,ROSANA
3545209,SP,SALTO,SALTO
3503703,SP,ARIRANHA,SANTA ADELIA
3545605,SP,SANTA ADELIA,SANTA ADELIA
3535101,SP,PALMARES PAULISTA,SANTA ADÉLIA
3545803,SP,SANTA BARBARA D'OESTE,SANTA BARBARA D'OESTE
3545001,SP,SALESOPOLIS,SANTA BRANCA
3546009,SP,SANTA BRANCA,SANTA BRANCA
3546306,SP,SANTA CRUZ DAS PALMEIRAS,SANTA CRUZ DAS PALMEIRAS
3515194,SP,ESPIRITO SANTO DO TURVO,SANTA CRUZ DO RIO PARDO
3546405,SP,SANTA CRUZ DO RIO PARDO,SANTA CRUZ DO RIO PARDO
3550506,SP,SAO PEDRO DO TURVO,SANTA CRUZ DO RIO PARDO
3546603,SP,SANTA FE DO SUL,SANTA FE DO SUL
3532843,SP,NOVA CANAA PAULISTA,SANTA FÉ DO SUL
3544509,SP,RUBINEIA,SANTA FÉ DO SUL
3546108,SP,SANTA CLARA D'OESTE,SANTA FÉ DO SUL
3547403,SP,SANTA RITA D'OESTE,SANTA FÉ DO SUL
3547205,SP,SANTANA DA PONTE PENSA,SANTA FÉ DO SUL
3554904,SP,TRES FRONTEIRAS,SANTA FÉ DO SUL
3503901,SP,ARUJA,SANTA ISABEL
3520202,SP,IGARATA,SANTA ISABEL
3546801,SP,SANTA ISABEL,SANTA ISABEL
3547502,SP,SANTA RITA DO PASSA QUATRO,SANTA RITA DO PASSA QUATRO
3547601,SP,SANTA ROSA DE VITERBO,SANTA ROSA DE VITERBO
3547700,SP,SANTO ANASTACIO,SANTO ANASTACIO
3538303,SP,PIQUEROBI,SANTO ANASTÁCIO
3543238,SP,RIBEIRAO DOS INDIOS,SANTO ANASTÁCIO
3547809,SP,SANTO ANDRE,SANTO ANDRE
3506359,SP,BERTIOGA,SANTOS
3548500,SP,SANTOS,SANTOS
3548609,SP,SAO BENTO DO SAPUCAI,SAO BENTO DO SAPUCAI
3548203,SP,SANTO ANTONIO DO PINHAL,SÃO BENTO DO SAPUCAÍ
3548708,SP,SAO BERNARDO DO CAMPO,SAO BERNARDO DO CAMPO
3548807,SP,SAO CAETANO DO SUL,SAO CAETANO DO SUL
3548906,SP,SAO CARLOS,SAO CARLOS
3519303,SP,IBATE,SÃO CARLOS
3500402,SP,AGUAS DA PRATA,SAO JOAO DA BOA VISTA
3549102,SP,SAO JOAO DA BOA VISTA,SAO JOAO DA BOA VISTA
3549409,SP,SAO JOAQUIM DA BARRA,SAO JOAQUIM DA BARRA
3549706,SP,SAO JOSE DO RIO PARDO,SAO JOSE DO RIO PARDO
3513900,SP,DIVINOLANDIA,SÃO JOSÉ DO RIO PARDO
3550803,SP,SAO SEBASTIAO DA GRAMA,SÃO JOSÉ DO RIO PARDO
3504602,SP,BADY BASSITT,SAO JOSE DO RIO PRETO
3511300,SP,CEDRAL,SAO JOSE DO RIO PRETO
3549805,SP,SAO JOSE DO RIO PRETO,SAO JOSE DO RIO PRETO
3517505,SP,GUAPIAÇU,SÃO JOSÉ DO RIO PRETO
3521150,SP,IPIGUA,SÃO JOSÉ DO RIO PRETO
3555604,SP,UCHOA,SÃO JOSÉ DO RIO PRETO
3549904,SP,SAO JOSE DOS CAMPOS,SAO JOSE DOS CAMPOS
3531704,SP,MONTEIRO LOBATO,SÃO JOSÉ DOS CAMPOS
3550001,SP,SAO LUIS DO PARAITINGA,SAO LUIS DO PARAITINGA
3526308,SP,LAGOINHA,SÃO LUIZ DO PARAITINGA
3503604,SP,AREIOPOLIS,SAO MANUEL
3550100,SP,SAO MANUEL,SAO MANUEL
3541059,SP,PRATANIA,SÃO MANUEL
3550209,SP,SAO MIGUEL ARCANJO,SAO MIGUEL ARCANJO
3550308,SP,SAO PAULO,SAO PAULO
3500600,SP,AGUAS DE SAO PEDRO,SAO PEDRO
3550407,SP,SAO PEDRO,SAO PEDRO
3547007,SP,SANTA MARIA DA SERRA,SÃO PEDRO
3502754,SP,ARACARIGUAMA,SAO ROQUE
3550605,SP,SAO ROQUE,SAO ROQUE
3550704,SP,SAO SEBASTIAO,SAO SEBASTIAO
3520400,SP,ILHABELA,SÃO SEBASTIÃO
3550902,SP,SAO SIMAO,SAO SIMAO
3527603,SP,LUIS ANTONIO,SÃO SIMÃO
3551009,SP,SAO VICENTE,SAO VICENTE
3551603,SP,SERRA NEGRA,SERRA NEGRA
3551504,SP,SERRANA,SERRANA
3551702,SP,SERTAOZINHO,SERTAOZINHO
3505609,SP,BARRINHA,SERTÃOZINHO
3514601,SP,DUMONT,SERTÃOZINHO
3552106,SP,SOCORRO,SOCORRO
3502903,SP,ARACOIABA DA SERRA,SOROCABA
3545308,SP,SALTO DE PIRAPORA,SOROCABA
3552205,SP,SOROCABA,SOROCABA
3552403,SP,SUMARE,SUMARE
3519071,SP,HORTOLANDIA,SUMARÉ
3552502,SP,SUZANO,SUZANO
3552809,SP,TABOAO DA SERRA,TABOAO DA SERRA
3553302,SP,TAMBAU,TAMBAU
3501806,SP,AMERICO DE CAMPOS,TANABI
3512902,SP,COSMORAMA,TANABI
3553401,SP,TANABI,TANABI
3510104,SP,CANDIDO RODRIGUES,TAQUARITINGA
3515608,SP,FERNANDO PRESTES,TAQUARITINGA
3546504,SP,SANTA ERNESTINA,TAQUARITINGA
3553708,SP,TAQUARITINGA,TAQUARITINGA
3512605,SP,CORONEL MACEDO,TAQUARITUBA
3553807,SP,TAQUARITUBA,TAQUARITUBA
3510302,SP,CAPELA DO ALTO,TATUI
3511607,SP,CESARIO LANGE,TATUI
3554003,SP,TATUI,TATUI
3541653,SP,QUADRA,TATUÍ
3542305,SP,REDENCAO DA SERRA,TAUBATE
3554102,SP,TAUBATE,TAUBATE
3515350,SP,EUCLIDES DA CUNHA PAULISTA,TEODORO SAMPAIO
3554300,SP,TEODORO SAMPAIO,TEODORO SAMPAIO
3554508,SP,TIETE,TIETE
3525854,SP,JUMIRIM,TIETÊ
3554805,SP,TREMEMBE,TREMEMBE
3503356,SP,ARCO-IRIS,TUPA
3505807,SP,BASTOS,TUPA
3555000,SP,TUPA,TUPA
3519006,SP,HERCULANDIA,TUPÃ
3519204,SP,IACRI,TUPÃ
3541802,SP,QUEIROZ,TUPÃ
3543808,SP,RINOPOLIS,TUPÃ
3531605,SP,MONTE CASTELO,TUPI PAULISTA
3533106,SP,NOVA GUATAPORANGA,TUPI PAULISTA
3549300,SP,SAO JOAO DO PAU D'ALHO,TUPI PAULISTA
3555109,SP,TUPI PAULISTA,TUPI PAULISTA
3555406,SP,UBATUBA,UBATUBA
3555802,SP,URANIA,URANIA
3547650,SP,SANTA SALETE,URÂNIA
3556008,SP,URUPES,URUPES
3521507,SP,IRAPUA,URUPÊS
3544806,SP,SALES,URUPÊS
3556206,SP,VALINHOS,VALINHOS
3506201,SP,BENTO DE ABREU,VALPARAISO
3556305,SP,VALPARAISO,VALPARAISO
3556404,SP,VARGEM GRANDE DO SUL,VARGEM GRANDE DO SUL
3556453,SP,VARGEM GRANDE PAULISTA,VARGEM GRANDE PAULISTA
3556503,SP,VARZEA PAULISTA,VARZEA PAULISTA
3527306,SP,LOUVEIRA,VINHEDO
3556701,SP,VINHEDO,VINHEDO
3554409,SP,TERRA ROXA,VIRADOURO
3556800,SP,VIRADOURO,VIRADOURO
3557006,SP,VOTORANTIM,VOTORANTIM
3501202,SP,ALVARES FLORENCE,VOTUPORANGA
3536257,SP,PARISI,VOTUPORANGA
3556107,SP,VALENTIM GENTIL,VOTUPORANGA
3557105,SP,VOTUPORANGA,VOTUPORANGA
